epoch,train_total_loss,train_cls_loss,train_depth_loss,train_accuracy,test_total_loss,test_cls_loss,test_depth_loss,test_accuracy,test_precision,test_recall,test_f1,learning_rate,epoch_time
1,0.01843951007483148,0.009968259635683256,0.014107975553498662,0.9349230263043967,0.07932479762026481,0.05849489055856289,0.03467018822017117,0.7988933815705469,0.9078332846367595,0.7988933815705469,0.8247279577480506,0.0009046039886902864,258.8875551223755
2,0.0038798701453879804,0.0014689547811936406,0.00400951971192803,0.9923632396488129,0.11176159350651747,0.08463957081744798,0.04504602093424295,0.7855926792934667,0.9036933499024926,0.7855926792934667,0.8136517360298301,0.0006548539886902864,217.5078399181366
