{
  "accuracy": 0.7989085823731493,
  "precision": 0.9078363041694798,
  "recall": 0.7989085823731493,
  "f1_score": 0.8247404879946016,
  "live_precision": 0.4322185792349727,
  "live_recall": 0.9762045813586098,
  "spoof_precision": 0.9943837244529374,
  "spoof_recall": 0.7666463042150274,
  "confusion_matrix": [
    [
      9887,
      241
    ],
    [
      12988,
      42670
    ]
  ],
  "total_training_time": 476.4117867946625,
  "best_epoch": 1
}