{
  "accuracy": 0.9192381357735688,
  "precision": 0.9380480913092402,
  "recall": 0.9192381357735688,
  "f1_score": 0.9243167985796799,
  "live_precision": 0.6713157332953817,
  "live_recall": 0.931477093206951,
  "spoof_precision": 0.9865849651093113,
  "spoof_recall": 0.9170110316576233,
  "confusion_matrix": [
    [
      9434,
      694
    ],
    [
      4619,
      51039
    ]
  ],
  "normalized_confusion_matrix": [
    [
      0.931477093206951,
      0.06852290679304897
    ],
    [
      0.08298896834237665,
      0.9170110316576233
    ]
  ],
  "total_training_time": 4690.825768232346,
  "best_epoch": 18
}