{
  "train_losses": [
    0.2377630937488398,
    0.20699548005776974,
    0.20420132803269522,
    0.1778580578109603,
    0.17016259027992334,
    0.18051060974127237,
    0.17674585825297337,
    0.17741724632393457,
    0.17275093657491808,
    0.1715226379721473,
    0.17194176780513595,
    0.17107446719013644,
    0.1694548253571766,
    0.16989088622271503,
    0.1699814596712738,
    0.1740621080868262,
    0.17389537069722535,
    0.17388571523610954,
    0.17147745198450712,
    0.17278156136997389,
    0.1723739595794222,
    0.17121024990501282,
    0.17139440587259588,
    0.17152780617091026
  ],
  "train_accs": [
    97.0006866784383,
    99.46337140606538,
    99.57264957264957,
    99.9359732072498,
    100.0,
    99.7804420761792,
    99.9502784407319,
    99.94733146067416,
    99.97790652003142,
    99.99503278362805,
    100.0,
    100.0,
    100.0,
    100.0,
    100.0,
    99.95540138751238,
    99.9675,
    99.96794239494969,
    99.98527101335428,
    99.99254028247464,
    99.9726368159204,
    99.99263695268014,
    100.0,
    99.9975024975025
  ],
  "val_losses": [
    0.386439293642904,
    0.3019659112299444,
    0.30459058461804817,
    0.3014895905746562,
    0.2667558021543526,
    0.46109566282040154,
    0.2766335652113889,
    0.31416478078614385,
    0.2777971192572828,
    0.30499875959211437,
    0.2317669252695922,
    0.2340980603118513,
    0.23976236646314267,
    0.23848386963114285,
    0.24154197347362763,
    0.28184570341660825,
    0.3957751221944856,
    0.32079184298335267,
    0.28360335486809096,
    0.2827238486704855,
    0.2671914703978191,
    0.3175256956755122,
    0.35782706639663187,
    0.27200554516952463
  ],
  "val_accs": [
    88.11261096923263,
    95.26480603186185,
    95.20552109935547,
    93.90277271068953,
    95.53538854432689,
    86.24437553204426,
    95.59923385625684,
    92.67299039280068,
    95.31801045847014,
    93.88909157241882,
    98.62428554055697,
    98.25185455429892,
    97.80341724431473,
    98.71397300255381,
    98.23513316307917,
    95.08391098139366,
    86.44503222668126,
    92.32944180955856,
    94.805727836556,
    95.39097652924724,
    96.56755442052778,
    92.6547488751064,
    91.37480238355832,
    96.12367748996716
  ],
  "mse_scores": [
    0.08913213662501555,
    0.04697334803479058,
    0.04824097046922346,
    0.04808060264851498,
    0.03468070203993593,
    0.10913773727930205,
    0.03712314793281234,
    0.05616106924947583,
    0.03819066601877931,
    0.04898192328578442,
    0.016264716848645756,
    0.01935979643635924,
    0.02162744168776674,
    0.021412515704442237,
    0.022960951672443355,
    0.03910674526704203,
    0.09128190691513034,
    0.05667705253476116,
    0.03975846302402177,
    0.040066179491069415,
    0.03246323951500432,
    0.05468878486409983,
    0.06965554836491832,
    0.03437701751814733
  ],
  "rmse_scores": [
    0.29855005715125155,
    0.21673335699608073,
    0.21963827186814108,
    0.21927289538042538,
    0.18622755445941916,
    0.3303600116226267,
    0.19267368251220077,
    0.23698326786816792,
    0.1954243229968555,
    0.22131860130993153,
    0.12753319900577165,
    0.13913948554008398,
    0.14706271345166572,
    0.14633015992761791,
    0.1515287156694841,
    0.1977542547381523,
    0.3021289574256833,
    0.23806942797167627,
    0.19939524323318691,
    0.20016538035102227,
    0.18017557968549544,
    0.23385633381223572,
    0.2639233759349829,
    0.185410402939391
  ],
  "learning_rates": [
    9.046039886902862e-05,
    6.548539886902863e-05,
    3.461460113097139e-05,
    9.639601130971381e-06,
    0.0001,
    9.755527298894293e-05,
    9.046039886902862e-05,
    7.940987335200904e-05,
    6.548539886902863e-05,
    5.0050000000000004e-05,
    3.461460113097139e-05,
    2.069012664799097e-05,
    9.639601130971381e-06,
    2.544727011057081e-06,
    0.0001,
    9.938503261272713e-05,
    9.755527298894293e-05,
    9.455577588320898e-05,
    9.046039886902862e-05,
    8.536998372026805e-05,
    7.940987335200904e-05,
    7.272682546199037e-05,
    6.548539886902863e-05,
    5.786390152875954e-05
  ],
  "best_val_acc": 98.71397300255381
}