epoch,train_acc,test_acc,test_auc,test_precision,test_recall,test_f1,train_total_loss,train_cls_loss,train_depth_loss,test_total_loss,test_cls_loss,test_depth_loss,epoch_time,lr
1,0.5913594789356984,0.8345088620679172,0.5472911641691016,0.549581359120421,0.5086085109768488,0.4873945019268833,0.0023732285946949177,0.6817343122678956,0.0023732285946949177,0.002150663125688449,0.6649717209636006,0.002150663125688449,239.27995228767395,0.0001
2,0.6016837583148559,0.8380506490742711,0.5416825304825107,0.5548309729562108,0.5069458784115835,0.48146381134269617,0.0019995919891845327,0.6799301244731488,0.0019995919891845327,0.0021414670469177724,0.6637083297805564,0.0021414670469177724,192.99330043792725,0.0001
3,0.6009042405764967,0.8424132794211534,0.5879677424592085,0.5943240217394584,0.508151045893174,0.4804968662713134,0.001944962449333264,0.6799813843354946,0.001944962449333264,0.0021468453601700284,0.6636393254601074,0.0021468453601700284,220.72404289245605,0.0001
4,0.6020302106430155,0.8406043839114705,0.5394994955723447,0.5633088076585162,0.5059108622184105,0.4771998703879591,0.0019125577779273047,0.6798412728468225,0.0019125577779273047,0.0021094157594874065,0.6632356728329268,0.0021094157594874065,192.36659145355225,0.0001
5,0.6021168237250555,0.8436749460371508,0.5607848602887177,0.6193819966946555,0.5097851333468099,0.4829687268138899,0.001892532942403982,0.679619799432099,0.001892532942403982,0.0021265496384610077,0.6619930483023944,0.0021265496384610077,205.19347667694092,0.0001
