{
  "train_loss": [
    0.4022117487525727,
    0.2777650771788008,
    0.24557422740959367,
    0.23234218077506508,
    0.2214181335907699,
    0.21482414284803078,
    0.2115574820851249,
    0.20866063602287277,
    0.2082456404425309,
    0.20678525597959485,
    0.20765687394593024,
    0.20510157926359576,
    0.20329895216726998,
    0.20385778008039704,
    0.20276100399996078,
    0.20399501856109895,
    0.20233949684442726,
    0.2043225355461822,
    0.2028286130456308,
    0.20472228504927922,
    0.20199574595619169,
    0.20275780803067975,
    0.2035676042006621,
    0.2035323529460112,
    0.20281179953004208,
    0.2020593174219949,
    0.20363566274766315
  ],
  "train_acc": [
    89.65087281795512,
    96.51045996120808,
    97.953034081463,
    98.62150180105293,
    99.08908284843447,
    99.39214463840399,
    99.51683291770574,
    99.6571072319202,
    99.66057079523414,
    99.72464671654198,
    99.69693821003048,
    99.77486838459407,
    99.84933499584372,
    99.83548074258798,
    99.8562621224716,
    99.81469936270435,
    99.88223884732614,
    99.8060404544195,
    99.86318924909948,
    99.78872263784982,
    99.89089775561098,
    99.85972568578553,
    99.8285536159601,
    99.83201717927403,
    99.85106677750069,
    99.88743419229704,
    99.83028539761708
  ],
  "train_mse": [
    0.07607596891740366,
    0.0291753529311617,
    0.01796887428498609,
    0.0133171224623705,
    0.00972211703098575,
    0.007558937671852587,
    0.006490926893444572,
    0.005506594104679445,
    0.005404585745529932,
    0.004974999784005005,
    0.005186511782799983,
    0.004459872011271054,
    0.0038991842885739677,
    0.0040400397977361745,
    0.0037605561102012687,
    0.004105614068179795,
    0.003614435421482618,
    0.00419311632415902,
    0.0037460078658860516,
    0.004331103487379733,
    0.0035039977794602134,
    0.0037310917893823067,
    0.004002897477311739,
    0.003993383961762349,
    0.003773871685667792,
    0.0035329702134689546,
    0.0039901915676155055
  ],
  "train_rmse": [
    0.2758187247403694,
    0.17080794165132282,
    0.13404802976913197,
    0.11539983735850974,
    0.09860079629995769,
    0.08694215129528707,
    0.08056628881514012,
    0.07420642899829802,
    0.07351588770823578,
    0.07053367836718148,
    0.07201744082373368,
    0.06678227318136942,
    0.0624434487242174,
    0.06356130739479934,
    0.061323373278068034,
    0.06407506588509913,
    0.06012017482910889,
    0.06475427649320947,
    0.06120463925133496,
    0.06581111978518321,
    0.05919457559152032,
    0.061082663574719025,
    0.06326845562609963,
    0.06319322718268429,
    0.06143184585919417,
    0.05943879384264922,
    0.06316796314284248
  ],
  "val_loss": [
    0.33188927793677925,
    0.3261378471096057,
    0.5730939401087373,
    0.4199046898265945,
    0.35259652868424946,
    0.5473869680049865,
    0.449449183637822,
    0.3879041047063471,
    0.4537440319919319,
    0.5062025049619787,
    0.4904443192926352,
    0.609092467737006,
    0.5627769038026126,
    0.5415424488298662,
    0.5191237388721667,
    0.5311256908084171,
    0.5369210992105623,
    0.5039381206158613,
    0.5715349436207888,
    0.52567837638281,
    0.5578164392565803,
    0.5844320173153436,
    0.5805575348020948,
    0.48572321089181,
    0.5916769893891601,
    0.6066397979195695,
    0.5972596317083214
  ],
  "val_acc": [
    88.80578864161498,
    89.3560744253922,
    80.48157606712878,
    85.89322631642953,
    88.45311929952572,
    82.10355101544448,
    85.09668004377964,
    87.4194332968503,
    85.22437066763955,
    83.31205156269002,
    83.92314240544813,
    80.77648060318619,
    81.88009242368966,
    82.87425513802748,
    83.44734281892254,
    83.15547853581418,
    82.76480603186185,
    84.05691353520612,
    82.05186671531072,
    83.7194454578621,
    82.5276663018363,
    82.02450443876931,
    81.88769305606226,
    84.8124163930439,
    81.58670801410678,
    81.46509789614495,
    81.39669220479145
  ],
  "val_mse": [
    0.08140407067868727,
    0.08095632914225204,
    0.1512529027903802,
    0.10775196049468742,
    0.08945593655414395,
    0.1429644646315626,
    0.11629036730510484,
    0.09835406190561104,
    0.11614351392261513,
    0.13188319025185563,
    0.12789068839830214,
    0.1572067779146291,
    0.1463105163723481,
    0.13991395874921764,
    0.1340070258234866,
    0.137067723045622,
    0.1391949752803188,
    0.12912120359782314,
    0.14726161598371473,
    0.13383632712377633,
    0.1435028558265292,
    0.14937035155741216,
    0.1490740410294924,
    0.12383860467043079,
    0.15235589695273555,
    0.15513585968299892,
    0.15392426186549896
  ],
  "val_rmse": [
    0.2853139861252639,
    0.2845282571946977,
    0.38891246160335385,
    0.3282559374858091,
    0.2990918530387345,
    0.37810641971746867,
    0.3410137347748692,
    0.3136145116310963,
    0.3407983478871562,
    0.36315725278707517,
    0.35761807616268804,
    0.3964930994539868,
    0.3825055769166616,
    0.3740507435485427,
    0.36606970077225265,
    0.3702265833859341,
    0.37308842823159066,
    0.35933438966765086,
    0.3837468123433923,
    0.3658364759339565,
    0.3788177079104529,
    0.38648460714161975,
    0.386101076182769,
    0.3519070966468718,
    0.3903279351426638,
    0.3938728978782355,
    0.39233182622048257
  ],
  "val_precision": [
    0.9239231895004275,
    0.9273447018294555,
    0.9059039536007181,
    0.9182201397848885,
    0.9254959813923065,
    0.9103098632805593,
    0.9159767065799593,
    0.9217580739726321,
    0.9168831715230273,
    0.9131021303662209,
    0.9141865859741406,
    0.90867849679803,
    0.909953183063463,
    0.9123336978139699,
    0.9127334420593617,
    0.9134289339908441,
    0.9131916186103262,
    0.9155215724252376,
    0.91103987050422,
    0.9137554072706658,
    0.9112038768660216,
    0.9107263450503651,
    0.9104545910248057,
    0.9162299240347834,
    0.9104841405884915,
    0.9095306951008422,
    0.9099102037935134
  ],
  "val_recall": [
    0.8880578864161498,
    0.893560744253922,
    0.8048157606712879,
    0.8589322631642953,
    0.8845311929952572,
    0.8210355101544449,
    0.8509668004377964,
    0.874194332968503,
    0.8522437066763955,
    0.8331205156269001,
    0.8392314240544814,
    0.8077648060318618,
    0.8188009242368965,
    0.8287425513802749,
    0.8344734281892253,
    0.8315547853581418,
    0.8276480603186185,
    0.8405691353520612,
    0.8205186671531072,
    0.837194454578621,
    0.8252766630183631,
    0.8202450443876931,
    0.8188769305606226,
    0.848124163930439,
    0.8158670801410678,
    0.8146509789614496,
    0.8139669220479144
  ],
  "val_f1": [
    0.8975614687680037,
    0.9023969318015089,
    0.8293667536772766,
    0.8737987157302597,
    0.8950016504116532,
    0.8427690329017372,
    0.8672178228390248,
    0.8863271633896337,
    0.8683339190797122,
    0.8527007755615946,
    0.8576866444252172,
    0.8319619874267771,
    0.8409453698055149,
    0.8491267792175818,
    0.853744860898959,
    0.8514801931595395,
    0.848329322452187,
    0.8588892785735035,
    0.8424187596763749,
    0.8560181729211651,
    0.8462477367118811,
    0.8421717695396493,
    0.8410499519471195,
    0.8649856358873833,
    0.8386336310348813,
    0.8375760878886238,
    0.8370573457163735
  ],