{
  "train_loss": [
    0.03889390110682922,
    0.009048974669297737,
    0.004228008712393015,
    0.0021699840757061395,
    0.0012517233892838243,
    0.0053805157619087095,
    0.0033806037172218846,
    0.003394449690033039,
    0.002084389173718781,
    0.0016121366578212058,
    0.0010311599474400266,
    0.0008287073565238828,
    0.0004790055214816214,
    0.0001840188753736849,
    0.0006125843904698118,
    0.002901661902969384,
    0.0020052460297789046,
    0.001767258967894767,
    0.0015719830471437929,
    0.0012725175028219689
  ],
  "train_acc": [
    94.48427542255473,
    99.20857578276531,
    99.60515378221113,
    99.82509005264616,
    99.91514269880854,
    99.5133693543918,
    99.66403435854808,
    99.73850096979773,
    99.81123579939042,
    99.84760321418676,
    99.9064837905237,
    99.944582986977,
    99.95324189526184,
    99.97575505680244,
    99.98095040177334,
    99.79045441950679,
    99.82682183430313,
    99.8285536159601,
    99.86492103075645,
    99.88743419229704
  ],
  "train_mse": [
    0.04701462121246546,
    0.008087230226190276,
    0.004039063181727424,
    0.0018115359717376617,
    0.0008510060442997475,
    0.0048533117263233234,
    0.003074508215608628,
    0.0023777905130667448,
    0.0017831671639107062,
    0.001324540857225887,
    0.0008761027924270266,
    0.0005480250987618034,
    0.00037824269343089787,
    0.00019191189964760447,
    0.00014271995492414288,
    0.002111854740216785,
    0.0016220115721563315,
    0.0016417402691635895,
    0.0013484632833048369,
    0.0010980666264388554
  ],
  "train_rmse": [
    0.21682855257660477,
    0.08992902882935118,
    0.06355362445783422,
    0.04256214247118749,
    0.029172007889409112,
    0.06966571413775448,
    0.05544824808421478,
    0.048762593379215846,
    0.042227564030035004,
    0.03639424208890586,
    0.029599033640087417,
    0.0234099358982848,
    0.01944846249529504,
    0.013853227048150351,
    0.011946545731890156,
    0.04595492073996848,
    0.040274204798559726,
    0.04051839420761377,
    0.03672142812180426,
    0.03313708838203585
  ],
  "val_loss": [
    0.5226368709110248,
    0.18891379260732705,
    0.6380530273020594,
    0.46141888601355463,
    0.6637712900208452,
    0.5381798456543831,
    0.5227915465806386,
    0.37828856897617974,
    0.3749816510547734,
    0.42615869097302,
    0.5826535803473925,
    0.5873060609887555,
    0.5293984266183069,
    0.6585892647791123,
    0.6857596804944758,
    0.4681394868279466,
    0.5797107401615973,
    0.4317091898762743,
    0.3617715721298247,
    0.7704185219586918
  ],
  "val_acc": [
    78.73647087437675,
    92.20783169159674,
    80.11826583971786,
    86.30518059102518,
    86.01787668734039,
    83.97938708500547,
    87.09260610482792,
    88.57016903806397,
    88.72218168551623,
    84.98419068466497,
    82.3254894807248,
    87.56536543840447,
    87.5805667031497,
    86.46175361790101,
    86.39942843244557,
    87.15949166970692,
    85.05259637601849,
    86.46327374437554,
    87.93931655113705,
    72.96607077708866
  ],
  "val_mse": [
    0.15747181328387644,
    0.05721632879131067,
    0.16737329441207127,
    0.11618141647930672,
    0.1268150654236146,
    0.13504665515044367,
    0.11406315967110242,
    0.0946849206480008,
    0.09561064088144025,
    0.11901719262781411,
    0.14701365437324077,
    0.11301210512206859,
    0.10815503528601858,
    0.12208239758003037,
    0.12295964707295134,
    0.11100513680710802,
    0.13264647639298385,
    0.1096405386790844,
    0.09684046952832957,
    0.2090223371847112
  ],
  "val_rmse": [
    0.3968271831463621,
    0.23919934947927987,
    0.40911281379598863,
    0.3408539518317291,
    0.35611102962926405,
    0.3674869455510545,
    0.337732378772161,
    0.30770914943823297,
    0.3092097037310444,
    0.3449886847822898,
    0.38342359652640157,
    0.33617273108042034,
    0.328869328588147,
    0.34940291581500915,
    0.35065602386519945,
    0.3331743339561258,
    0.36420663968821854,
    0.3311201272636328,
    0.31119201392119555,
    0.45718960747671333
  ],
  "val_precision": [
    0.9060502648714867,
    0.9418743065341397,
    0.9098170165611462,
    0.918521422105002,
    0.9199819987532993,
    0.918076901012901,
    0.9189338681800904,
    0.9196826979749732,
    0.9273231785491862,
    0.9106050125330669,
    0.9088621332228893,
    0.922958339851552,
    0.923654239722382,
    0.9210965504422728,
    0.920330248634496,
    0.9203711631464295,
    0.9048368944535982,
    0.9139671105281958,
    0.9214426310951537,
    0.8973420045776355
  ],
  "val_recall": [
    0.7873647087437675,
    0.9220783169159674,
    0.8011826583971786,
    0.8630518059102518,
    0.8601787668734039,
    0.8397938708500547,
    0.8709260610482792,
    0.8857016903806396,
    0.8872218168551623,
    0.8498419068466496,
    0.823254894807248,
    0.8756536543840447,
    0.875805667031497,
    0.86461753617901,
    0.8639942843244558,
    0.8715949166970692,
    0.8505259637601849,
    0.8646327374437554,
    0.8793931655113706,
    0.7296607077708865
  ],
  "val_f1": [
    0.8152414457810406,
    0.9271792396284637,
    0.8267219178712809,
    0.8771003748519888,
    0.8749931649367517,
    0.8585185130286276,
    0.8833751600452178,
    0.8950692844594511,
    0.8973795920807088,
    0.8656941309688435,
    0.844412540014575,
    0.8876374718532122,
    0.8878468572411472,
    0.8786514118944067,
    0.8780656850916178,
    0.8840918715037639,
    0.8654669169369807,
    0.8777560761803922,
    0.8903882898304357,
    0.7670749345546993
  ],
  "val_macro_f1": [
    0.7215617820791681,
    0.8710024594507827,
    0.73550426624055,
    0.7967986489537582,
    0.7949658850330855,
    0.7747351706103411,
    0.8045349070013152,
    0.8191141957292409,
    0.8257576019198472,
    0.779508310592053,
    0.754480202137702,
    0.8116487195222577,
    0.8122315044321881,
    0.7998678985071596,
    0.7988076454866011,
    0.806098539298254,
    0.776232794382454,
    0.7953337605504285,
    0.8142882563858624,
    0.6691674212190613
  ],
  "learning_rates": [
    0.00027136209830652333,
    0.00019638709830652336,
    0.00010371290169347664,
    2.8737901693476642e-05,
    0.0003,
    0.0002926609246184583,
    0.00027136209830652333,
    0.00023818839858125631,
    0.00019638709830652336,
    0.00015005,
    0.00010371290169347664,
    6.191160141874366e-05,
    2.8737901693476642e-05,
    7.4390753815417276e-06,
    0.0003,
    0.00029815386667224087,
    0.0002926609246184583,
    0.0002836564283020457,
    0.00027136209830652333,
    0.00025608066183892275
  ]
}