{
  "train_loss": [
    0.042578056041909104,
    0.00935787549599419,
    0.004550423405283583,
    0.002495292123841099,
    0.0017565913675044544,
    0.0061645714391070265,
    0.00412780740664954,
    0.003089356720350316,
    0.0035906072747451242,
    0.001888562359533336,
    0.0008682082702340693,
    0.0019060785544916794,
    0.0024544474472815337,
    0.00024407749418807684,
    0.0019554808283215107,
    0.0031464264278732133,
    0.002373614756183694,
    0.00254959235370462,
    0.0027755393440692918,
    0.0011122538078526818
  ],
  "train_acc": [
    94.00110834026046,
    99.09774175671932,
    99.62593516209476,
    99.81989470767526,
    99.89436131892491,
    99.48219728456637,
    99.66749792186201,
    99.75755056802439,
    99.80430867276255,
    99.8614574674425,
    99.92553338875035,
    99.91860626212247,
    99.92899695206428,
    99.9722914934885,
    99.96190080354668,
    99.76274591299529,
    99.83894430590192,
    99.84240786921585,
    99.86492103075645,
    99.90994735383762
  ],
  "val_loss": [
    0.46809188570004084,
    0.9625118772170701,
    0.3904531149262279,
    0.6459700620375192,
    0.48361174200669294,
    0.3093915971547137,
    0.534393180263647,
    0.5250991815367015,
    0.30894764846300216,
    0.5047333685133734,
    0.5776242739083224,
    0.5398765081970358,
    0.3257298673426425,
    0.5307823224060004,
    0.5102735957180397,
    0.2916774042335781,
    0.4076608011362458,
    0.815889404139118,
    0.6473861563333293,
    0.4731874277281323
  ],
  "val_acc": [
    82.03818557704001,
    66.99197373221452,
    85.47063115651223,
    78.43396570594675,
    84.55399489237504,
    88.86507357412137,
    79.78991852122097,
    83.75896874619968,
    86.72473549799344,
    85.06779764076371,
    82.93354007053388,
    83.92466253192265,
    90.63754104341481,
    86.36142527058252,
    87.31150431715918,
    90.11917791560258,
    86.33254286756659,
    78.92040617779399,
    82.20387936276298,
    83.75896874619968
  ],
  "val_precision": [
    0.9074206661759346,
    0.8930174118911937,
    0.9200964134715497,
    0.9052184653494509,
    0.9181118800920914,
    0.9248211565978118,
    0.9059835184574967,
    0.9128097254453996,
    0.9173231071946674,
    0.9173086616943068,
    0.911479041154162,
    0.9133496459521211,
    0.9331095430342242,
    0.9187296897238869,
    0.921315291496104,
    0.9302721729741009,
    0.9182033411440395,
    0.9046266253896273,
    0.9091069360012234,
    0.909537245746907
  ],
  "val_recall": [
    0.8203818557704001,
    0.6699197373221452,
    0.8547063115651222,
    0.7843396570594674,
    0.8455399489237505,
    0.8886507357412137,
    0.7978991852122097,
    0.8375896874619968,
    0.8672473549799343,
    0.8506779764076371,
    0.8293354007053387,
    0.8392466253192266,
    0.9063754104341482,
    0.8636142527058251,
    0.8731150431715918,
    0.9011917791560258,
    0.8633254286756659,
    0.7892040617779399,
    0.8220387936276298,
    0.8375896874619968
  ],
  "val_f1": [
    0.8419816916925251,
    0.7153661264318576,
    0.8706470712145596,
    0.8127243346967431,
    0.8631212376072805,
    0.8981593655604,
    0.82379033263468,
    0.8562371391046875,
    0.8802626673622914,
    0.8671354066974207,
    0.8495197333016967,
    0.8576127174229832,
    0.9133764631057516,
    0.8775712676485873,
    0.8854160547869437,
    0.9088521509734384,
    0.877277922610683,
    0.8166473955335743,
    0.8434632358404452,
    0.855888861562127
  ],
  "val_macro_f1": [
    0.7510946926294468,
    0.6194153193744013,
    0.789846480553283,
    0.7185404119892228,
    0.7800965605837602,
    0.8255358295080739,
    0.7306141283938901,
    0.7696947152118819,
    0.80000245577568,
    0.7844249655633805,
    0.7614384245269444,
    0.7715248515422222,
    0.8488141932996423,
    0.7974609579771209,
    0.8081584390021815,
    0.8416534210884359,
    0.7968589906099908,
    0.7223998207258107,
    0.7535386479299576,
    0.7677275072308335
  ],
  "learning_rates": [
    0.00027136209830652333,
    0.00019638709830652336,
    0.00010371290169347664,
    2.8737901693476642e-05,
    0.0003,
    0.0002926609246184583,
    0.00027136209830652333,
    0.00023818839858125631,
    0.00019638709830652336,
    0.00015005,
    0.00010371290169347664,
    6.191160141874366e-05,
    2.8737901693476642e-05,
    7.4390753815417276e-06,
    0.0003,
    0.00029815386667224087,
    0.0002926609246184583,
    0.0002836564283020457,
    0.00027136209830652333,
    0.00025608066183892275
  ]
}